condicao,cenario,descricao,resultado,motivo
T1,P1,Autenticação administrativa,aprovado,
T1,P2,Cadastro e publicação,aprovado,
T1,P3,Edição de produto,aprovado,
T1,P4,Inativação,aprovado,
T1,P5,Contato via WhatsApp,aprovado,
T2,P1,Autenticação administrativa,aprovado,
T2,P2,Cadastro e publicação,aprovado,
T2,P3,Edição de produto,aprovado,
T2,P4,Inativação,aprovado,
T2,P5,Contato via WhatsApp,aprovado,
T3,P1,Autenticação administrativa,aprovado,
T3,P2,Cadastro e publicação,aprovado,
T3,P3,Edição de produto,aprovado,
T3,P4,Inativação,aprovado,
T3,P5,Contato via WhatsApp,aprovado,
T4,P1,Autenticação administrativa,aprovado,
T4,P2,Cadastro e publicação,aprovado,
T4,P3,Edição de produto,aprovado,
T4,P4,Inativação,aprovado,
T4,P5,Contato via WhatsApp,aprovado,
